{"description": "Analytics covered by the Threat Hunter Playbook Windows detection notebooks", "name": "THP Windows Analytics", "domain": "mitre-enterprise", "version": "4.1", "techniques": [{"score": 1, "techniqueID": "T1003", "metadata": [{"name": "Domain DPAPI Backup Key Extraction", "value": "WIN-190620024610"}, {"name": "SAM Registry Hive Handle Request", "value": "WIN-190725024610"}, {"name": "Active Directory Replication From Non-Domain-Controller Accounts", "value": "WIN-180815210510"}, {"name": "Remote Interactive Task Manager LSASS Dump", "value": "WIN-191030201010"}, {"name": "LSASS Access from Non System Account", "value": "WIN-170105221010"}]}, {"score": 1, "techniqueID": "T1569", "metadata": [{"name": "Remote Service creation", "value": "WIN-190815181010"}, {"name": "Service Creation", "value": "WIN-190813181020"}]}, {"score": 1, "techniqueID": "T1055", "metadata": [{"name": "DLL Injection via CreateRemoteThread and LoadLibrary", "value": "WIN-180719170510"}]}, {"score": 1, "techniqueID": "T1012", "metadata": [{"name": "SAM Registry Hive Handle Request", "value": "WIN-190725024610"}, {"name": "SysKey Registry Keys Access", "value": "WIN-190625024610"}]}, {"score": 1, "techniqueID": "T1218", "metadata": [{"name": "Wuauclt CreateRemoteThread Execution", "value": "WIN-201012183248"}]}, {"score": 1, "techniqueID": "T1112", "metadata": [{"name": "Extended NetNTLM Downgrade", "value": "WIN-191224222300"}, {"name": "Enable Remote Desktop Conections Registry", "value": "WIN-190407183310"}, {"name": "WDigest Downgrade", "value": "WIN-190510202010"}]}, {"score": 1, "techniqueID": "T1546", "metadata": [{"name": "WMI Eventing", "value": "WIN-190810170510"}, {"name": "Remote WMI ActiveScriptEventConsumers", "value": "WIN-200902020333"}]}, {"score": 1, "techniqueID": "T1047", "metadata": [{"name": "WMI Win32_Process Class and Create Method for Remote Execution", "value": "WIN-190810201010"}, {"name": "Remote WMI Wbemcomn DLL Hijack", "value": "WIN-201009173318"}, {"name": "WMI Module Load", "value": "WIN-190811201010"}]}, {"score": 1, "techniqueID": "T1021", "metadata": [{"name": "SMB Create Remote File", "value": "WIN-201012004336"}, {"name": "Remote WMI Wbemcomn DLL Hijack", "value": "WIN-201009173318"}, {"name": "Remote DCOM IErtUtil DLL Hijack", "value": "WIN-201009183000"}, {"name": "PowerShell Remote Session", "value": "WIN-190511223310"}]}, {"score": 1, "techniqueID": "T1222", "metadata": [{"name": "Active Directory Replication User Backdoor", "value": "WIN-190101151110"}]}, {"score": 1, "techniqueID": "T1059", "metadata": [{"name": "Basic PowerShell Execution", "value": "WIN-190410151110"}, {"name": "Alternate PowerShell Hosts", "value": "WIN-190610201010"}, {"name": "PowerShell Remote Session", "value": "WIN-190511223310"}]}, {"score": 1, "techniqueID": "T1123", "metadata": [{"name": "Access to Microphone Device", "value": "WIN-200609225055"}]}, {"score": 1, "techniqueID": "T1007", "metadata": [{"name": "Remote Service Control Manager Handle", "value": "WIN-190826010110"}]}], "gradient": {"colors": ["#ffffff", "#66fff3"], "minValue": 0, "maxValue": 1}, "legendItems": [{"label": "Techniques researched", "color": "#66fff3"}]}