[
    {
        "file": "introduction"
    },
    {
        "part": "Knowledge Library",
        "chapters": []
    },
    {
        "part": "Pre-Hunt Activities",
        "chapters": [
            {
                "file": "pre-hunt/data_management",
                "sections": [
                    {
                        "file": "pre-hunt/data_documentation"
                    },
                    {
                        "file": "pre-hunt/data_standardization"
                    },
                    {
                        "file": "pre-hunt/data_modeling"
                    },
                    {
                        "file": "pre-hunt/data_quality"
                    }
                ]
            }
        ]
    },
    {
        "part": "Campaign Notebooks",
        "chapters": [
            {
                "file": "evals/intro",
                "sections": [
                    {
                        "file": "evals/apt29/intro",
                        "sections": [
                            {
                                "file": "evals/apt29/report"
                            },
                            {
                                "file": "notebooks/campaigns/apt29Evals"
                            }
                        ]
                    }
                ]
            }
        ]
    },
    {
        "part": "Targeted Notebooks",
        "chapters": []
    },
    {
        "part": "Tutorials",
        "chapters": [
            {
                "file": "tutorials/jupyter/introduction",
                "sections": [
                    {
                        "file": "tutorials/jupyter/installing_jupyter"
                    },
                    {
                        "file": "tutorials/jupyter/notebooks/01_intro_to_python"
                    },
                    {
                        "file": "tutorials/jupyter/notebooks/02_intro_to_numpy_arrays"
                    },
                    {
                        "file": "tutorials/jupyter/notebooks/03_intro_to_pandas"
                    }
                ]
            }
        ]
    }
]